,Symbol
0,20MICRONS
1,21STCENMGM
2,360ONE
3,3IINFOLTD
4,3MINDIA
5,3PLAND
6,4THDIM
7,5PAISA
8,63MOONS
9,8KMILES
10,A2ZINFRA
11,A2ZMES
12,AAATECH
13,AAKASH
14,AAREYDRUGS
15,AARON
16,AARTECH
17,AARTIDRUGS
18,AARTIIND
19,AARTIPHARM
20,AARTISURF
21,AARVEEDEN
22,AARVI
23,AAVAS
24,ABAN
25,ABANLLOYD
26,ABANLOYD
27,ABB
28,ABBALPO
29,ABBOTINDIA
30,ABCAPITAL
31,ABFRL
32,ABMINTLLTD
33,ABSHEKINDS
34,ABSIND
35,ABSLAMC
36,ABSLBANETF
37,ABSLNN50ET
38,ACC
39,ACCELYA
40,ACCURACY
41,ACE
42,ACEINTEG
43,ACI
44,ACKRUTI
45,ACL
46,ACLGATI
47,ACRYSIL
48,ADANIENSOL
49,ADANIENT
50,ADANIEXPO
51,ADANIGAS
52,ADANIGREEN
53,ADANIPORTS
54,ADANIPOWER
55,ADANITRANS
56,ADFFOODS
57,ADHUNIKIND
58,ADI
59,ADL
60,ADLABS
61,ADORWELD
62,ADROITINFO
63,ADSL
64,ADVANIHOTR
65,ADVANIORLI
66,ADVENZYMES
67,AEGISCHEM
68,AEROFLEX
69,AETHER
70,AFFLE
71,AFL
72,AGARIND
73,AGCNET
74,AGI
75,AGRITECH
76,AGROPHOS
77,AGSTRA
78,AHL
79,AHLADA
80,AHLEAST
81,AHLUCONT
82,AIAENG
83,AIL
84,AIRAN
85,AIROLAM
86,AJANTPHARM
87,AJMERA
88,AJOONI
89,AKASH
90,AKG
91,AKI
92,AKRUTI
93,AKSHAR
94,AKSHARCHEM
95,AKSHOPTFBR
96,AKZOINDIA
97,ALANKIT
98,ALBERTDAVD
99,ALEMBICLTD
100,ALICON
101,ALKALI
102,ALKEM
103,ALKYLAMINE
104,ALLCARGO
105,ALLSEC
106,ALMONDZ
107,ALOKINDS
108,ALPA
109,ALPHAGEO
110,ALPSINDUS
111,AMBER
112,AMBICAAGAR
113,AMBIKCO
114,AMBUJACEM
115,AMDIND
116,AMDMET
117,AMIORG
118,AMJLAND
119,AMNPLST
120,AMRUTANJAN
121,AMTREXAPPL
122,ANANDAMRUB
123,ANANDRATHI
124,ANANTRAJ
125,ANDHRAPAP
126,ANDHRSUGAR
127,ANGELBRKG
128,ANGELONE
129,ANIKINDS
130,ANKITMETAL
131,ANMOL
132,ANSALAPI
133,ANSALINFRA
134,ANTGRAPHIC
135,ANUP
136,ANURAS
137,APARINDS
138,APCL
139,APCOTEXIND
140,APCOTEXLAT
141,APEX
142,APIL
143,APLAPOLLO
144,APLLTD
145,APOLLO
146,APOLLOHOSP
147,APOLLOPIPE
148,APOLLOSIND
149,APOLLOTYRE
150,APOLSINHOT
151,APPAPER
152,APTECHT
153,APTUS
154,ARCHIDPLY
155,ARCHIES
156,ARE&M
157,ARENTERP
158,ARHAMFISCL
159,ARIES
160,ARIHANTCAP
161,ARIHANTSUP
162,ARMANFIN
163,AROGRANITE
164,ARROWCOAT
165,ARROWGREEN
166,ARROWGROUP
167,ARSHIYA
168,ARTEMISMED
169,ARTNIRMAN
170,ARVEE
171,ARVIND
172,ARVINDFASN
173,ARVINDMILL
174,ARVINFRA
175,ARVSMART
176,ASAHIINDIA
177,ASAHISONG
178,ASAL
179,ASALCBR
180,ASHAPURMIN
181,ASHIANA
182,ASHIMASYN
183,ASHOKA
184,ASHOKAMET
185,ASHOKLEY
186,ASIANENE
187,ASIANHOTNR
188,ASIANPAINT
189,ASIANTILES
190,ASKAUTOLTD
191,ASMS
192,ASPINWALL
193,ASTEC
194,ASTERDM
195,ASTRAIDL
196,ASTRAL
197,ASTRAMICRO
198,ASTRAZEN
199,ASTRON
200,ATALREAL
201,ATAM
202,ATFL
203,ATGL
204,ATL
205,ATLANTA
206,ATUL
207,ATULAUTO
208,ATULPROD
209,AUBANK
210,AURIONPRO
211,AUROPHARMA
212,AURUM
213,AUSOMENT
214,AUTOAXLES
215,AUTOIND
216,AVADHSUGAR
217,AVALON
218,AVANTIFEED
219,AVAYAGCL
220,AVENTIS
221,AVG
222,AVONMORE
223,AVROIND
224,AVTNPL
225,AWHCL
226,AWL
227,AXIS-IT&T
228,AXISBANK
229,AXISCADES
230,AXISGOLD
231,AXISNIFTY
232,AXITA
233,AYMSYNTEX
234,BAFNAPH
235,BAGFILMS
236,BAIDFIN
237,BAJAJ-AUTO
238,BAJAJAUTO
239,BAJAJCON
240,BAJAJCORP
241,BAJAJELEC
242,BAJAJFINSV
243,BAJAJHCARE
244,BAJAJHIND
245,BAJAJHLDNG
246,BAJAUTOFIN
247,BAJFINANCE
248,BALAJITELE
249,BALAMINES
250,BALASPONGE
251,BALAXI
252,BALKRISHNA
253,BALKRISIND
254,BALMLAWRIE
255,BALPHARMA
256,BALRAMCHIN
257,BANARBEADS
258,BANARISUG
259,BANCOINDIA
260,BANDHANBNK
261,BANG
262,BANKA
263,BANKBARODA
264,BANKBEES
265,BANKINDIA
266,BANSWRAS
267,BARBEQUE
268,BASF
269,BASML
270,BATAINDIA
271,BAYERCROP
272,BBL
273,BBOX
274,BBTC
275,BBTCL
276,BCG
277,BCLIND
278,BCONCEPTS
279,BDL
280,BEARDSELL
281,BECTORFOOD
282,BEDMUTHA
283,BEL
284,BEML
285,BEPL
286,BERGEPAINT
287,BFINVEST
288,BFUTILITIE
289,BGRENERGY
290,BHAGCHEM
291,BHAGERIA
292,BHAGWATIHO
293,BHAGYANGR
294,BHANDARI
295,BHARATFORG
296,BHARATGEAR
297,BHARATIWIN
298,BHARATRAS
299,BHARATWIRE
300,BHARTI
301,BHARTIARTL
302,BHEL
303,BIGBLOC
304,BIKAJI
305,BIL
306,BINANIIND
307,BINDALAGRO
308,BIOCON
309,BIOFILCHEM
310,BIRLACABLE
311,BIRLACORPN
312,BIRLAERIC
313,BIRLAJUTE
314,BIRLAMONEY
315,BKMINDST
316,BLAL
317,BLBLIMITED
318,BLISSGVS
319,BLKASHYAP
320,BLS
321,BLUECHIP
322,BLUEDART
323,BLUEJET
324,BLUESTARCO
325,BOC
326,BODALCHEM
327,BOHRAIND
328,BOMDYEING
329,BOROLTD
330,BORORENEW
331,BOROSIL
332,BOSCHLTD
333,BPCL
334,BPL
335,BRIGADE
336,BRITANNIA
337,BRNL
338,BROOKS
339,BSE
340,BSES
341,BSHSL
342,BSL
343,BSLGOLDETF
344,BSLNIFTY
345,BSOFT
346,BTML
347,BURGERKING
348,BURNPUR
349,BUTTERFLY
350,BVCL
351,BYKE
352,CADILAHC
353,CALSOFT
354,CAMBRIDGE
355,CAMLIN
356,CAMLINFINE
357,CAMPUS
358,CAMS
359,CANBK
360,CANFINHOME
361,CANTABIL
362,CAPACITE
363,CAPLIPOINT
364,CAPTRUST
365,CARBORUNIV
366,CAREERP
367,CARERATING
368,CARTRADE
369,CARYSIL
370,CASTROLIND
371,CCHHL
372,CCL
373,CDSL
374,CEATLTD
375,CEBBCO
376,CELEBRITY
377,CELLO
378,CENTENKA
379,CENTEXT
380,CENTRALBK
381,CENTRUM
382,CENTUM
383,CENTURYPLY
384,CENTURYTEX
385,CERA
386,CEREBRAINT
387,CESC
388,CESCVENT
389,CGCL
390,CGIGARSH
391,CGPOWER
392,CHALET
393,CHAMBLFERT
394,CHEMBOND
395,CHEMCON
396,CHEMFAB
397,CHEMPLASTS
398,CHENNPETRO
399,CHEVIOT
400,CHLORIDIND
401,CHOICEIN
402,CHOLADBS
403,CHOLAFIN
404,CHOLAHLDNG
405,CHOLAINV
406,CIEINDIA
407,CIGNITITEC
408,CINELINE
409,CINEPRO
410,CINEVISTA
411,CIPLA
412,CLEAN
413,CLEDUCATE
414,CLNINDIA
415,CLSEL
416,CMSINFO
417,COALINDIA
418,COASTCORP
419,COATESIND
420,COCHINSHIP
421,COFFEEDAY
422,COFORGE
423,COLORCHEM
424,COLORCHIPS
425,COLPAL
426,COMPINFO
427,COMPUSOFT
428,CONCOR
429,CONCORDBIO
430,CONFIPET
431,CONSCOFFEE
432,CONSOFINVT
433,CONSUMBEES
434,CONTROLPR
435,CORALFINAC
436,CORDSCABLE
437,COREBIO
438,COREEMBLG
439,COROMANDEL
440,COROMNFERT
441,COSMOFILMS
442,COSMOFIRST
443,COUNCODOS
444,CPIL
445,CPSEETF
446,CRAFTSMAN
447,CREATIVE
448,CREATIVEYE
449,CREDITACC
450,CREST
451,CRISIL
452,CROMPGREAV
453,CROMPTON
454,CROWN
455,CSBBANK
456,CSLFINANCE
457,CTE
458,CUB
459,CUBEXTUB
460,CUMMINSIND
461,CUPID
462,CYBERMEDIA
463,CYBERTECH
464,CYIENT
465,CYIENTDLM
466,D-LINK
467,DAAWAT
468,DABUR
469,DALALSTCOM
470,DALBHARAT
471,DALMIACEM
472,DALMIASUG
473,DAMODARIND
474,DANGEE
475,DATAMATICS
476,DATAPATTNS
477,DATATECH
478,DBCORP
479,DBL
480,DBOL
481,DBREALTY
482,DBSTOCKBRO
483,DCAL
484,DCB
485,DCBBANK
486,DCI
487,DCM
488,DCMFINSERV
489,DCMNVL
490,DCMSHRIRAM
491,DCMSRIND
492,DCMSRMCONS
493,DCW
494,DCXINDIA
495,DECCANCE
496,DEEPAKFERT
497,DEEPAKNTR
498,DEEPENR
499,DEEPIND
500,DEEPINDS
501,DELHIVERY
502,DELPHIFX
503,DELTACORP
504,DELTAMAGNT
505,DEN
506,DENORA
507,DEVIT
508,DEVYANI
509,DGCONTENT
510,DHAMPURSUG
511,DHANBANK
512,DHANI
513,DHANUKA
514,DHARAMSI
515,DHARMAJ
516,DHRUV
517,DHUNINV
518,DIACABS
519,DIAMINESQ
520,DIAMONDYD
521,DICIND
522,DIGISPICE
523,DIGJAMLMTD
524,DIL
525,DISHTV
526,DIVGIITTS
527,DIVISLAB
528,DIVOPPBEES
529,DIXON
530,DJML
531,DLF
532,DLINKINDIA
533,DMART
534,DMCC
535,DNAMEDIA
536,DODLA
537,DOLAT
538,DOLATALGO
539,DOLLAR
540,DOLPHIN
541,DONEAR
542,DPABHUSHAN
543,DPSCLTD
544,DPWIRES
545,DRCSYSTEMS
546,DREAMFOLKS
547,DREDGECORP
548,DRREDDY
549,DSSL
550,DTIL
551,DUCON
552,DVL
553,DWARKESH
554,DYCL
555,DYNAMATECH
556,DYNATECH
557,DYNPRO
558,E2E
559,EASEMYTRIP
560,EASTSILK
561,EBANK
562,EBBETF0423
563,EBBETF0425
564,EBBETF0430
565,EBBETF0431
566,ECLERX
567,EDELWEISS
568,EDUCOMP
569,EICHERMOT
570,EIDPARRY
571,EIFFL
572,EIHAHOTELS
573,EIHOTEL
574,EIMCOELECO
575,EKC
576,ELDEHSG
577,ELECON
578,ELECTCAST
579,ELECTHERM
580,ELGIEQUIP
581,ELGIRUBCO
582,ELIN
583,EMAMIINFRA
584,EMAMILTD
585,EMAMIPAP
586,EMAMIREAL
587,EMERCK
588,EMIL
589,EMKAY
590,EMMBI
591,EMSLIMITED
592,EMUDHRA
593,ENDURANCE
594,ENERGYDEV
595,ENGINERSIN
596,ENIL
597,ENKEI
598,EPIGRAL
599,EPL
600,EQUIPPP
601,EQUITASBNK
602,ERIS
603,EROSMEDIA
604,ESABINDIA
605,ESAFSFB
606,ESCORTS
607,ESSARSHPNG
608,ESSELPACK
609,ESSENTIA
610,ESTER
611,ETERNEVRST
612,ETHOSLTD
613,EUROTEXIND
614,EVEREADY
615,EVERESTIND
616,EXCEL
617,EXCELINDUS
618,EXCELINFO
619,EXIDEIND
620,EXPLEOSOL
621,EXXARO
622,FACT
623,FAGBEARING
624,FAGPRECISN
625,FAIRCHEM
626,FAIRCHEMOR
627,FAZE3Q
628,FCEL
629,FCL
630,FCONSUMER
631,FCSSOFT
632,FDC
633,FEDERALBNK
634,FIBERWEB
635,FIEMIND
636,FILATEX
637,FINANTECH
638,FINCABLES
639,FINEORG
640,FINOPB
641,FINPIPE
642,FIVESTAR
643,FLEX
644,FLEXITUFF
645,FLFL
646,FLUOROCHEM
647,FMGOETZE
648,FOCUS
649,FOODSIN
650,FORTIS
651,FORTUNEFIN
652,FOSECOIND
653,FRETAIL
654,FSC
655,FSL
656,FUJITSICIM
657,FUSION
658,FVIL
659,GABRIEL
660,GAEL
661,GAIL
662,GAL
663,GALAXYSURF
664,GALLANTT
665,GANECOS
666,GANESHBE
667,GANESHHOUC
668,GANGAFORGE
669,GANGESSECU
670,GARFIBRES
671,GARWALLROP
672,GATECHDVR
673,GATEWAY
674,GATI
675,GAYAPROJ
676,GBN
677,GEECEE
678,GEEKAYWIRE
679,GENCON
680,GENESYS
681,GENSOL
682,GENUSOVERE
683,GENUSPAPER
684,GENUSPOWER
685,GEOJIT
686,GEOJITBNPP
687,GEOJITFSL
688,GEPIL
689,GESCOCORP
690,GESHIP
691,GET&D
692,GFLLIMITED
693,GHCLTEXTIL
694,GICHSGFIN
695,GICRE
696,GILLANDERS
697,GILLETTE
698,GINNIFILA
699,GIPCL
700,GISOLUTION
701,GKWLIMITED
702,GLAND
703,GLAXO
704,GLENMARK
705,GLFL
706,GLOBAL
707,GLOBALTELE
708,GLOBALVECT
709,GLOBE
710,GLOBUSSPR
711,GLS
712,GMBREW
713,GMDCLTD
714,GMMPFAUDLR
715,GMRINFRA
716,GMRP&UI
717,GNA
718,GNFC
719,GOACARBON
720,GOCLCORP
721,GOCOLORS
722,GODFRYPHLP
723,GODHA
724,GODREJAGRO
725,GODREJCP
726,GODREJIND
727,GODREJPROP
728,GOETZEIND
729,GOKEX
730,GOKUL
731,GOKULAGRO
732,GOLDBEES
733,GOLDENTOBC
734,GOLDIAM
735,GOLDINFRA
736,GOLDIWIN
737,GOLDSHARE
738,GOLDTECH
739,GOLDTELE
740,GOODLASNER
741,GOODLUCK
742,GOYALALUM
743,GPELECT
744,GPIL
745,GPPL
746,GPTINFRA
747,GRAMOPHONE
748,GRANULES
749,GRAPHITE
750,GRASIM
751,GRAVITA
752,GREAVESCOT
753,GREENLAM
754,GREENPANEL
755,GREENPLY
756,GREENPOWER
757,GRINDWELL
758,GRINFRA
759,GRMOVER
760,GROBTEA
761,GRPLTD
762,GRSE
763,GRWRHITECH
764,GSFC
765,GSLSU
766,GSPL
767,GSS
768,GSSAMERICA
769,GTCIND
770,GTECJAINX
771,GTL
772,GTLINFRA
773,GTPL
774,GUFICBIO
775,GUJALKALI
776,GUJAMBCEM
777,GUJAPOLIND
778,GUJAPOLLO
779,GUJFLUORO
780,GUJGASLTD
781,GUJRAFFIA
782,GULFCORP
783,GULFPETRO
784,GULPOLY
785,GVKPIL
786,GVPTECH
787,GWALCHEM
788,HAL
789,HAPPSTMNDS
790,HARDWYN
791,HARIOMPIPE
792,HARRMALAYA
793,HARSHA
794,HATHWAY
795,HATSUN
796,HAVELLS
797,HAVISHA
798,HBANKETF
799,HBLPOWER
800,HBSL
801,HCC
802,HCG
803,HCIL
804,HCL-HP
805,HCL-INSYS
806,HCLTECH
807,HDFCAMC
808,HDFCBANK
809,HDFCGOLD
810,HDFCLIFE
811,HDFCMFGETF
812,HDFCNIFBAN
813,HDFCNIFETF
814,HDFCNIFTY
815,HDFCSENETF
816,HDFCSENSEX
817,HDIL
818,HEADSUP
819,HEG
820,HEIDELBERG
821,HEMIPROP
822,HERANBA
823,HERCULES
824,HERITGFOOD
825,HEROHONDA
826,HEROMOTOCO
827,HESTERBIO
828,HEUBACHIND
829,HEXATRADEX
830,HFCL
831,HGINFRA
832,HGS
833,HGSL
834,HIKAL
835,HIL
836,HILTON
837,HIMATSEIDE
838,HINDALC0
839,HINDALCO
840,HINDCOMPOS
841,HINDCON
842,HINDCONS
843,HINDCOPPER
844,HINDLEVER
845,HINDMOTORS
846,HINDNATGLS
847,HINDOILEXP
848,HINDPETRO
849,HINDSANIT
850,HINDUJATMT
851,HINDUJAVEN
852,HINDUNILVR
853,HINDWAREAP
854,HINDZINC
855,HIRECT
856,HISARMETAL
857,HITACHIHOM
858,HITECH
859,HITECHCORP
860,HITECHGEAR
861,HITECHPLAS
862,HLEGLAS
863,HLVLTD
864,HMAAGRO
865,HMT
866,HMVL
867,HNDFDS
868,HNGSNGBEES
869,HOMEFIRST
870,HONASA
871,HONAUT
872,HONDAPOWER
873,HOPFL
874,HOTELEELA
875,HOTELRUGBY
876,HOVS
877,HPAL
878,HPIL
879,HPL
880,HSCL
881,HSIL
882,HTMEDIA
883,HTMTGLOBAL
884,HUBTOWN
885,HUDCO
886,HUGHESTELE
887,HUHTAMAKI
888,HYBRIDFIN
889,HYDRBADIND
890,I-FLEX
891,IBIPL
892,IBMFNIFTY
893,IBN18
894,IBPOW
895,IBREALEST
896,IBSEC
897,IBULHSGFIN
898,IBULISL
899,IBVENTURES
900,IBWSL
901,ICCNX100
902,ICDSLTD
903,ICEMAKE
904,ICI
905,ICICI500
906,ICICIALPLV
907,ICICIB22
908,ICICIBANK
909,ICICIBANKN
910,ICICIBANKP
911,ICICIGI
912,ICICIGOLD
913,ICICILIQ
914,ICICILOVOL
915,ICICIM150
916,ICICIMCAP
917,ICICINF100
918,ICICINIFTY
919,ICICINV20
920,ICICINXT50
921,ICICIPRULI
922,ICICISENSX
923,ICICITECH
924,ICIL
925,ICNX100
926,ICRA
927,IDBI
928,IDBIGOLD
929,IDEA
930,IDEAFORGE
931,IDFC
932,IDFCBANK
933,IDFCFIRSTB
934,IDFNIFTYET
935,IEL
936,IEX
937,IFBAGRO
938,IFBIND
939,IFCI
940,IFGLEXPOR
941,IGARASHI
942,IGL
943,IGOLD
944,IGPL
945,IIFL
946,IIFLSEC
947,IIFLWAM
948,IILTD
949,IITL
950,IKIO
951,IL&FSENGG
952,IL&FSTRANS
953,IMAGICAA
954,IMFA
955,IMPAL
956,IMPEXFERRO
957,INCREDIBLE
958,INDBANK
959,INDHOTEL
960,INDIAGLYCO
961,INDIAINFO
962,INDIAMART
963,INDIANB
964,INDIANCARD
965,INDIANHUME
966,INDIGO
967,INDIGOPNTS
968,INDNIPPON
969,INDOAMIN
970,INDOBORAX
971,INDOCO
972,INDORAMA
973,INDOSTAR
974,INDOTECH
975,INDOTHAI
976,INDOWIND
977,INDRAMEDCO
978,INDSHAVING
979,INDSWFTLAB
980,INDSWFTLTD
981,INDTERRAIN
982,INDUSINDBK
983,INDUSTOWER
984,INEABS
985,INEOSSTYRO
986,INFIBEAM
987,INFOBEAN
988,INFOMEDIA
989,INFOSYSTCH
990,INFOTECENT
991,INFRABEES
992,INFRATEL
993,INFY
994,INGERRAND
995,INIFTY
996,INOXGREEN
997,INOXWIND
998,INSECTICID
999,INSPIRISYS
1000,INTEGRA
1001,INTELLECT
1002,INTENTECH
1003,INTLCONV
1004,INVENTURE
1005,INVESTCORP
1006,IOB
1007,IOC
1008,IOL
1009,IOLCP
1010,IONEXCHANG
1011,IPAPPM
1012,IPCALAB
1013,IPGETF
1014,IPL
1015,IRB
1016,IRCON
1017,IRCTC
1018,IREDA
1019,IRFC
1020,IRIS
1021,IRISDOREME
1022,IRMENERGY
1023,ISEC
1024,ISENSEX
1025,ISFT
1026,ISGEC
1027,ISMTLTD
1028,IT&T
1029,ITBEES
1030,ITC
1031,ITDCEM
1032,ITI
1033,IVC
1034,IVP
1035,IVZINGOLD
1036,IVZINNIFTY
1037,IWEL
1038,IZMO
1039,J&KBANK
1040,JAGRAN
1041,JAGSNPHARM
1042,JAIBALAJI
1043,JAICORPLTD
1044,JAIPURKURT
1045,JAMNAAUTO
1046,JASH
1047,JAYAGROGN
1048,JAYBARMARU
1049,JAYNECOIND
1050,JAYSREETEA
1051,JBCHEPHARM
1052,JBMA
1053,JBMAUTOCOM
1054,JBMT
1055,JCHAC
1056,JETAIRWAYS
1057,JETFREIGHT
1058,JHS
1059,JINDALPHOT
1060,JINDALPOLY
1061,JINDALSAW
1062,JINDALSTEL
1063,JINDALSWHL
1064,JINDRILL
1065,JINDWORLD
1066,JIOFIN
1067,JISLDVREQS
1068,JISLJALEQS
1069,JITFINFRA
1070,JKCEMENT
1071,JKIL
1072,JKLAKSHMI
1073,JKPAPER
1074,JKTYRE
1075,JLHL
1076,JMA
1077,JMFINANCIL
1078,JOCIL
1079,JPASSOCIAT
1080,JPHYDRO
1081,JPOLYINVST
1082,JPPOWER
1083,JSL
1084,JSTAINLESS
1085,JSTRIPS
1086,JSWENERGY
1087,JSWHL
1088,JSWINFRA
1089,JSWSTEEL
1090,JSWSTL
1091,JTEKTINDIA
1092,JTLIND
1093,JUBILANT
1094,JUBLFOOD
1095,JUBLINDS
1096,JUBLINGREA
1097,JUBLPHARMA
1098,JUNIORBEES
1099,JUSTDIAL
1100,JWL
1101,JYOTHYLAB
1102,JYOTISTRUC
1103,KABRAEXTRU
1104,KAJARIACER
1105,KAKATCEM
1106,KALAMANDIR
1107,KALECONSUL
1108,KALPATPOWR
1109,KALYANIFRG
1110,KALYANKJIL
1111,KAMATHOTEL
1112,KAMDHENU
1113,KAMOPAINTS
1114,KANANIIND
1115,KANORICHEM
1116,KANPRPLA
1117,KANSAINER
1118,KAPSTON
1119,KARDA
1120,KARMAENG
1121,KARURVYSYA
1122,KAUSHALYA
1123,KAVVERITEL
1124,KAYA
1125,KAYNES
1126,KBCGLOBAL
1127,KCP
1128,KCPSUGIND
1129,KDDL
1130,KEC
1131,KECL
1132,KEEPLEARN
1133,KEERTI
1134,KEI
1135,KELLTONTEC
1136,KERNEX
1137,KESORAMIND
1138,KEYCORPSER
1139,KEYFINSERV
1140,KFINTECH
1141,KHADIM
1142,KHAICHEM
1143,KHAITANLTD
1144,KHANDSE
1145,KICL
1146,KIL
1147,KILITCH
1148,KIMS
1149,KINGFA
1150,KIOCL
1151,KIRIDYES
1152,KIRIINDUS
1153,KIRLOSBROS
1154,KIRLOSENG
1155,KIRLOSIND
1156,KIRLOSKCUM
1157,KIRLPNU
1158,KITEX
1159,KKCL
1160,KNRCON
1161,KOHINOOR
1162,KOKUYOCMLN
1163,KOLTEPATIL
1164,KOPRAN
1165,KOTAKBANK
1166,KOTAKBKETF
1167,KOTAKGOLD
1168,KOTAKMAH
1169,KOTAKNIFTY
1170,KOTAKNV20
1171,KOTAKPSUBK
1172,KOTARISUG
1173,KOTHARIPET
1174,KOTHARIPRO
1175,KPIGLOBAL
1176,KPIGREEN
1177,KPIL
1178,KPIT
1179,KPITTECH
1180,KPRMILL
1181,KRBL
1182,KREBSBIO
1183,KRIDHANINF
1184,KRISHANA
1185,KRITI
1186,KRITIKA
1187,KRITINUT
1188,KRSNAA
1189,KSB
1190,KSBPUMPS
1191,KSCL
1192,KSHITIJPOL
1193,KSL
1194,KSOLVES
1195,KTKBANK
1196,KUANTUM
1197,L&TFH
1198,LAGNAM
1199,LAKPRE
1200,LAL
1201,LALPATHLAB
1202,LAMBODHARA
1203,LANABS
1204,LANDMARK
1205,LAOPALA
1206,LASA
1207,LATENTVIEW
1208,LATTEYS
1209,LAURUSLABS
1210,LAXMICOT
1211,LAXMIMACH
1212,LCCINFOTEC
1213,LEADEDSYS
1214,LEMONTREE
1215,LEXUS
1216,LFIC
1217,LGBBROSLTD
1218,LGBFORGE
1219,LGHL
1220,LIBAS
1221,LIBERTSHOE
1222,LICHSGFIN
1223,LICI
1224,LICMFGOLD
1225,LICNETFGSC
1226,LICNETFN50
1227,LICNETFSEN
1228,LICNFNHGP
1229,LICNMFET
1230,LIKHITHA
1231,LINC
1232,LINCOLN
1233,LINCPEN
1234,LINDEINDIA
1235,LIQUIDBEES
1236,LIQUIDETF
1237,LLOYDSENGG
1238,LLOYDSME
1239,LODHA
1240,LOGIXMICRO
1241,LOKESHMACH
1242,LORDSCHLO
1243,LOTUSEYE
1244,LOVABLE
1245,LOWVOLIWIN
1246,LOYALTEX
1247,LPDC
1248,LSIL
1249,LT
1250,LTFOODS
1251,LTGILTBEES
1252,LTI
1253,LTIM
1254,LTTS
1255,LUMAXIND
1256,LUMAXTECH
1257,LUPIN
1258,LUXIND
1259,LXCHEM
1260,LYCOS
1261,LYKALABS
1262,LYPSAGEMS
1263,M&M
1264,M&MFIN
1265,M100
1266,M50
1267,MAANALU
1268,MACMILLAN
1269,MACPOWER
1270,MADHAV
1271,MADHUCON
1272,MADRASCEM
1273,MADRASFERT
1274,MADRASREFN
1275,MAGADSUGAR
1276,MAGMA
1277,MAGNUM
1278,MAHABANK
1279,MAHAPEXLTD
1280,MAHASTEEL
1281,MAHAVIRSPG
1282,MAHEPC
1283,MAHESHWARI
1284,MAHINDCIE
1285,MAHINDFORG
1286,MAHLIFE
1287,MAHLOG
1288,MAHSCOOTER
1289,MAHSEAMLES
1290,MAITHANALL
1291,MAJESCO
1292,MALLCOM
1293,MALUPAPER
1294,MAN50ETF
1295,MANAKALUCO
1296,MANAKCOAT
1297,MANAKINDST
1298,MANAKSIA
1299,MANAKSTEEL
1300,MANALIPETC
1301,MANALU
1302,MANAPPURAM
1303,MANGALAM
1304,MANGCHEFER
1305,MANGLMCEM
1306,MANINDS
1307,MANINFRA
1308,MANKIND
1309,MANOMAY
1310,MANORAMA
1311,MANORG
1312,MANUGRAPH
1313,MANXT50
1314,MANYAVAR
1315,MAPMYINDIA
1316,MARALOVER
1317,MARATHON
1318,MARICO
1319,MARICOIND
1320,MARINE
1321,MARKSANS
1322,MARSHALL
1323,MARUTI
1324,MASFIN
1325,MASKINVEST
1326,MASTEK
1327,MATRIMONY
1328,MAWANASUG
1329,MAX
1330,MAXESTATES
1331,MAXHEALTH
1332,MAXIND
1333,MAXWELL
1334,MAYURUNIQ
1335,MAZDA
1336,MAZDOCK
1337,MBAPL
1338,MBECL
1339,MBLINFRA
1340,MCDOWELL-N
1341,MCL
1342,MCLEODRUSS
1343,MCX
1344,MEDANTA
1345,MEDICAMEQ
1346,MEDICO
1347,MEDPLUS
1348,MEGASOFT
1349,MEGASTAR
1350,MELSTAR
1351,MENONBE
1352,MEP
1353,MERCK
1354,METROBRAND
1355,METROPOLIS
1356,MFL
1357,MFSL
1358,MGEL
1359,MGL
1360,MHLXMIRU
1361,MHRIL
1362,MICEL
1363,MICO
1364,MICROSEC
1365,MID-DAY
1366,MID150BEES
1367,MIDCAPIWIN
1368,MIDHANI
1369,MINDACORP
1370,MINDAIND
1371,MINDTECK
1372,MIRCELECTR
1373,MIRZAINT
1374,MIRZATAN
1375,MITCON
1376,MITTAL
1377,MITTALLAMI
1378,MKPL
1379,MMFL
1380,MMFSL
1381,MMP
1382,MMTC
1383,MODIRUBBER
1384,MODISNME
1385,MODISONLTD
1386,MOHITIND
1387,MOIL
1388,MOKSH
1389,MOL
1390,MOLDTECH
1391,MOLDTKPAC
1392,MOM100
1393,MOM50
1394,MON100
1395,MONARCH
1396,MONTECARLO
1397,MORAREALTY
1398,MORARJEE
1399,MORARJESPG
1400,MOREPENLAB
1401,MOTHERSON
1402,MOTHERSUMI
1403,MOTILALOFS
1404,MOTOGENFIN
1405,MPHASIS
1406,MPHASISBFL
1407,MPSLTD
1408,MRF
1409,MRO-TEK
1410,MRPL
1411,MSKPROJ
1412,MSPL
1413,MSTCLTD
1414,MSUMI
1415,MTARTECH
1416,MTEDUCARE
1417,MTNL
1418,MUFIN
1419,MUKANDLTD
1420,MUKTAARTS
1421,MUNDRAPORT
1422,MUNJALAU
1423,MUNJALSHOW
1424,MURUDCERA
1425,MUTHOOTCAP
1426,MUTHOOTFIN
1427,MVGJL
1428,MYSORECEM
1429,N100
1430,NACLIND
1431,NAGAAGRI
1432,NAGAFERT
1433,NAGARCONST
1434,NAGPURENG
1435,NAGREEKCAP
1436,NAGREEKEXP
1437,NAHARCAP
1438,NAHAREXPOT
1439,NAHARINDUS
1440,NAHARINVST
1441,NAHARPOLY
1442,NAHARSPING
1443,NAM-INDIA
1444,NANDANEXIM
1445,NARMADA
1446,NATCOPHARM
1447,NATHBIOGEN
1448,NATHSEED
1449,NATIONALUM
1450,NAUKRI
1451,NAVA
1452,NAVBARFERO
1453,NAVINFLUOR
1454,NAVKARCORP
1455,NAVNETEDUL
1456,NAVNETPUBL
1457,NAZARA
1458,NBCC
1459,NBIFIN
1460,NBVENTURES
1461,NCC
1462,NCLIND
1463,NDGL
1464,NDL
1465,NDLVENTURE
1466,NDRAUTO
1467,NDTV
1468,NECCLTD
1469,NECLIFE
1470,NELCAST
1471,NELCO
1472,NEOCURE
1473,NEOGEN
1474,NESCO
1475,NESTLEIND
1476,NETF
1477,NETFCONSUM
1478,NETFDIVOPP
1479,NETFIT
1480,NETFLTGILT
1481,NETFMID150
1482,NETFNIF100
1483,NETFNV20
1484,NETWEB
1485,NETWORK18
1486,NEULANDLAB
1487,NEWGEN
1488,NEXT50
1489,NEXTMEDIA
1490,NEYVELILIG
1491,NFL
1492,NGIL
1493,NGLFINE
1494,NH
1495,NHPC
1496,NIACL
1497,NIBL
1498,NICOLASPIR
1499,NIF100BEES
1500,NIF100IWIN
1501,NIFETF
1502,NIFTY 100
1503,NIFTY 50
1504,NIFTY 500
1505,NIFTY AUTO
1506,NIFTY BANK
1507,NIFTY COMMODITIES
1508,NIFTY ENERGY
1509,NIFTY FINANCIAL SERVICES
1510,NIFTY FMCG
1511,NIFTY INFRASTRUCTURE
1512,NIFTY IT
1513,NIFTY MEDIA
1514,NIFTY METAL
1515,NIFTY MIDCAP 100
1516,NIFTY MIDCAP 50
1517,NIFTY NEXT 50
1518,NIFTY PSE
1519,NIFTY PSU BANK
1520,NIFTY REALTY
1521,NIFTY SERVICES SECTOR
1522,NIFTYBEES
1523,NIFTYETF
1524,NIFTYIWIN
1525,NIITLTD
1526,NIITMTS
1527,NIITTECH
1528,NILAINFRA
1529,NILASPACES
1530,NILKAMAL
1531,NILKAMPLST
1532,NINSYS
1533,NIPPOBATRY
1534,NIRAJ
1535,NIRVIKARA
1536,NITCO
1537,NITINSPIN
1538,NITIRAJ
1539,NKIND
1540,NLCINDIA
1541,NMDC
1542,NOCIL
1543,NOIDATOLL
1544,NORBTEAEXP
1545,NPBET
1546,NRAIL
1547,NRBBEARING
1548,NRL
1549,NSIL
1550,NSLNISP
1551,NTPC
1552,NUCLEUS
1553,NUMERICPW
1554,NURECA
1555,NUVAMA
1556,NUVOCO
1557,NV20BEES
1558,NV20IWIN
1559,NXTDIGITAL
1560,NYKAA
1561,OAL
1562,OBCL
1563,OBEROIREAL
1564,OBEROIRLTY
1565,OCCL
1566,OFSS
1567,OIL
1568,OILCOUNTUB
1569,OLECTRA
1570,OMAXAUTO
1571,OMAXE
1572,OMINFRAL
1573,OMKARCHEM
1574,OMMETALS
1575,ONELIFECAP
1576,ONEPOINT
1577,ONGC
1578,ONMOBILE
1579,ONWARDTEC
1580,OPTIEMUS
1581,ORBTEXP
1582,ORCHPHARMA
1583,ORICONENT
1584,ORIENTABRA
1585,ORIENTALTL
1586,ORIENTBELL
1587,ORIENTCEM
1588,ORIENTCER
1589,ORIENTCERA
1590,ORIENTELEC
1591,ORIENTHOT
1592,ORIENTLTD
1593,ORIENTPPR
1594,ORIENTREF
1595,ORISSAMINE
1596,ORTINLAB
1597,OSIAHYPER
1598,OSWALAGRO
1599,OSWALGREEN
1600,OSWALSEEDS
1601,OTL
1602,PAGEIND
1603,PAISALO
1604,PAKKA
1605,PALASHSECU
1606,PALREDTEC
1607,PANACEABIO
1608,PANACHE
1609,PANAMAPET
1610,PANSARI
1611,PAPERPROD
1612,PAR
1613,PARACABLES
1614,PARADEEP
1615,PARAGMILK
1616,PARAS
1617,PARASPETRO
1618,PARSVNATH
1619,PASUPTAC
1620,PATANJALI
1621,PATELENG
1622,PATINTLOG
1623,PAVNAIND
1624,PAYTM
1625,PCBL
1626,PCJEWELLER
1627,PDMJEPAPER
1628,PDSL
1629,PDUMJEAGRO
1630,PDUMJEIND
1631,PDUMJEPULP
1632,PEARLPOLY
1633,PEERLESHIP
1634,PEL
1635,PENIND
1636,PENINLAND
1637,PERLENGINF
1638,PERSISTENT
1639,PETRONET
1640,PFC
1641,PFIZER
1642,PFOCUS
1643,PFRL
1644,PFS
1645,PGEL
1646,PGHH
1647,PGHL
1648,PGIL
1649,PHOENIXLTD
1650,PIDILITIND
1651,PIGL
1652,PIIND
1653,PILANIINVS
1654,PILIND
1655,PILITA
1656,PIONEEREMB
1657,PIRHEALTH
1658,PITTIENG
1659,PITTILAM
1660,PIXTRANS
1661,PKTEA
1662,PLASTIBLEN
1663,PLAZACABLE
1664,PNB
1665,PNBGILTS
1666,PNBHOUSING
1667,PNC
1668,PNCINFRA
1669,POCL
1670,PODDARHOUS
1671,PODDARMENT
1672,POKARNA
1673,POLICYBZR
1674,POLYCAB
1675,POLYMED
1676,POLYPLEX
1677,PONNIERODE
1678,POONAWALLA
1679,POWERGRID
1680,POWERINDIA
1681,POWERMECH
1682,PPAP
1683,PPL
1684,PPLPHARMA
1685,PRAENG
1686,PRAJIND
1687,PRAKASH
1688,PRAKASHCON
1689,PRAKASHSTL
1690,PRECAM
1691,PRECOT
1692,PRECOTMILL
1693,PRECWIRE
1694,PREMAUTO
1695,PREMEXPLN
1696,PREMIER
1697,PREMIERPOL
1698,PRESTIGE
1699,PRICOLLTD
1700,PRIMESECU
1701,PRISMCEM
1702,PRITI
1703,PRITIKAUTO
1704,PRIVISCL
1705,PROINDIA
1706,PROZONECSC
1707,PROZONER
1708,PROZONINTU
1709,PRSMJOHNSN
1710,PRUDENT
1711,PSPPROJECT
1712,PSUBNKBEES
1713,PTC
1714,PTCIL
1715,PTL
1716,PUNJABCHEM
1717,PURVA
1718,PVP
1719,PVR
1720,PVRINOX
1721,PYRAMID
1722,QGOLDHALF
1723,QNIFTY
1724,QUESS
1725,QUICKHEAL
1726,RACE
1727,RADAAN
1728,RADHIKAJWE
1729,RADIANTCMS
1730,RADICO
1731,RADIOCITY
1732,RAILTEL
1733,RAIN
1734,RAINBOW
1735,RAINCOM
1736,RAJASSPG
1737,RAJESHEXPO
1738,RAJMET
1739,RAJRATAN
1740,RAJRILTD
1741,RAJSREESUG
1742,RAJTV
1743,RALLIS
1744,RAMANEWS
1745,RAMAPHO
1746,RAMASTEEL
1747,RAMCOCEM
1748,RAMCOIND
1749,RAMCOSYS
1750,RAMKY
1751,RAMRAT
1752,RANASUG
1753,RANEENGINE
1754,RANEHOLDIN
1755,RANEMADRAS
1756,RATEGAIN
1757,RATNAMANI
1758,RATNAVEER
1759,RAYMOND
1760,RBA
1761,RBL
1762,RCF
1763,RCOM
1764,RCVL
1765,RECLTD
1766,REDINGTON
1767,REDTAPE
1768,REFEX
1769,REGENCERAM
1770,REL
1771,RELAXO
1772,RELCHEMQ
1773,RELCNX100
1774,RELCONS
1775,RELDIVOPP
1776,RELGRNIFTY
1777,RELIANCE
1778,RELIGARE
1779,RELIGAREGO
1780,RELINFRA
1781,RELNV20
1782,REPCOHOME
1783,REPL
1784,REPRO
1785,RESPONIND
1786,RETFMID150
1787,REVATHI
1788,RGL
1789,RHFL
1790,RHIM
1791,RHL
1792,RICOAUTO
1793,RIIL
1794,RISHABH
1795,RITCO
1796,RITES
1797,RJL
1798,RKDL
1799,RKEC
1800,RKFORGE
1801,RMCL
1802,RML
1803,RNAM
1804,ROHLTD
1805,ROLEXRINGS
1806,ROLLT
1807,ROLTA
1808,ROMAN
1809,ROML
1810,ROSSARI
1811,ROSSELLIND
1812,ROTO
1813,ROUTE
1814,RPGLIFE
1815,RPOWER
1816,RPPINFRA
1817,RPPL
1818,RPSGVENT
1819,RRKABEL
1820,RRSLGETF
1821,RSSOFTWARE
1822,RSWM
1823,RSYSTEMS
1824,RTNINDIA
1825,RTNINFRA
1826,RTNPOWER
1827,RUBYMILLS
1828,RUCHI
1829,RUCHINFRA
1830,RUCHIRA
1831,RUPA
1832,RUSHIL
1833,RUSTOMJEE
1834,RVHL
1835,RVNL
1836,S&SPOWER
1837,SABEVENTS
1838,SABTN
1839,SADBHAV
1840,SADBHIN
1841,SADHNANIQ
1842,SAFARI
1843,SAGARDEEP
1844,SAGCEM
1845,SAH
1846,SAHPETRO
1847,SAHYADRI
1848,SAIL
1849,SAKAR
1850,SAKHTISUG
1851,SAKSOFT
1852,SAKUMA
1853,SALASAR
1854,SALONA
1855,SALSTEEL
1856,SALZERELEC
1857,SAMBHAAV
1858,SAMHI
1859,SAMPANN
1860,SANCO
1861,SANDESH
1862,SANDHAR
1863,SANDUMA
1864,SANGAMIND
1865,SANGHIIND
1866,SANGHVIMOV
1867,SANGINITA
1868,SANOFI
1869,SANSERA
1870,SAPPHIRE
1871,SARDAEN
1872,SAREGAMA
1873,SARLAPOLY
1874,SARVESHWAR
1875,SASKEN
1876,SASTASUNDR
1877,SATIA
1878,SATIN
1879,SATINDLTD
1880,SATNAMOVER
1881,SAVITACHEM
1882,SAWPIPES
1883,SBC
1884,SBCL
1885,SBFC
1886,SBGLP
1887,SBICARD
1888,SBIETFQLTY
1889,SBIGETS
1890,SBILIFE
1891,SBIN
1892,SCANDENT
1893,SCAPDVR
1894,SCHAEFFLER
1895,SCHAND
1896,SCHNEIDER
1897,SCI
1898,SCPL
1899,SDBL
1900,SEAMECLTD
1901,SECMARK
1902,SECURCRED
1903,SECURKLOUD
1904,SEINV
1905,SEJALLTD
1906,SELAN
1907,SELMC
1908,SEMAC
1909,SENCO
1910,SENSEXIWIN
1911,SENTINEL
1912,SEPC
1913,SEPOWER
1914,SEQUENT
1915,SERVOTECH
1916,SESAGOA
1917,SESHAPAPER
1918,SETCO
1919,SETF10GILT
1920,SETFBANK
1921,SETFGOLD
1922,SETFNIF50
1923,SETFNIFBK
1924,SETFNIFJR
1925,SETFNIFTY
1926,SETFNN50
1927,SETUINFRA
1928,SEYAIND
1929,SFL
1930,SGIL
1931,SGL
1932,SHAH
1933,SHAHALLOYS
1934,SHAILY
1935,SHAKTIGAS
1936,SHAKTIPUMP
1937,SHALBY
1938,SHALPAINTS
1939,SHANKARA
1940,SHANTI
1941,SHANTIGEAR
1942,SHARDACROP
1943,SHARDAMOTR
1944,SHAREINDIA
1945,SHARIABEES
1946,SHARRESLTD
1947,SHEMAROO
1948,SHIL
1949,SHILPAMED
1950,SHIVALIK
1951,SHIVAMAUTO
1952,SHIVAMILLS
1953,SHIVATEX
1954,SHK
1955,SHOPERSTOP
1956,SHRADHA
1957,SHREDIGCEM
1958,SHREECEM
1959,SHREEPUSHK
1960,SHREERAMA
1961,SHRENIK
1962,SHREYANIND
1963,SHREYAS
1964,SHREYASHIP
1965,SHRIPISTON
1966,SHRIRAMEPC
1967,SHRIRAMFIN
1968,SHRIRAMPPS
1969,SHRMHONDA
1970,SHYAMCENT
1971,SHYAMMETL
1972,SHYAMTEL
1973,SICALLOG
1974,SIEMENS
1975,SIGACHI
1976,SIGIND
1977,SIGMA
1978,SIGNATURE
1979,SIKKO
1980,SIL
1981,SILGO
1982,SILINV
1983,SILLYMONKS
1984,SILVERTUC
1985,SIMBHALS
1986,SIMPLEXCON
1987,SIMPLEXINF
1988,SINDHUTRAD
1989,SINTERCOM
1990,SIRCA
1991,SIS
1992,SITICABLE
1993,SITINET
1994,SIYSIL
1995,SJS
1996,SJVN
1997,SKFBEARING
1998,SKFINDIA
1999,SKIPPER
2000,SKMEGGPROD
2001,SKYGOLD
2002,SMARTLINK
2003,SMCGLOBAL
2004,SMLISUZU
2005,SMLT
2006,SMOBILITY
2007,SMSLIFE
2008,SMSPHARMA
2009,SNOWMAN
2010,SOBHA
2011,SOFTSOLINT
2012,SOFTTECH
2013,SOLARA
2014,SOLAREX
2015,SOLARINDS
2016,SOMANYCERA
2017,SOMATEX
2018,SOMICONVEY
2019,SONACOMS
2020,SONAMCLOCK
2021,SONAMLTD
2022,SONASTEER
2023,SONATSOFTW
2024,SORILHOLD
2025,SOTL
2026,SOUTHBANK
2027,SOUTHWEST
2028,SPAL
2029,SPANDANA
2030,SPARC
2031,SPCENET
2032,SPECIALITY
2033,SPENCERS
2034,SPENTEX
2035,SPHEREGSL
2036,SPIC
2037,SPICE
2038,SPICEMOBI
2039,SPICEMOBIL
2040,SPLIL
2041,SPLLTD
2042,SPLPETRO
2043,SPMLINFRA
2044,SPORTKING
2045,SPYL
2046,SQSBFSI
2047,SREEL
2048,SRF
2049,SRGHFL
2050,SRHHYPOLTD
2051,SRPL
2052,SRTRANSFIN
2053,SSLT
2054,SSWL
2055,STAR
2056,STARCEMENT
2057,STARHEALTH
2058,STARPAPER
2059,STARTECK
2060,STCINDIA
2061,STEELCAS
2062,STEELCITY
2063,STEELXIND
2064,STEL
2065,STERTOOLS
2066,STLTECH
2067,STOVEKRAFT
2068,STROPTICAL
2069,STRTECH
2070,STYABS
2071,STYLAMIND
2072,STYRENIX
2073,SUBEXLTD
2074,SUBHASPROJ
2075,SUBROS
2076,SUDARSCHEM
2077,SUKHJITS
2078,SULA
2079,SUMICHEM
2080,SUMIT
2081,SUMMITSEC
2082,SUNCLAYLTD
2083,SUNDARAM
2084,SUNDARMFIN
2085,SUNDARMHLD
2086,SUNDRMBRAK
2087,SUNDRMFAST
2088,SUNFLAG
2089,SUNPHARMA
2090,SUNTECK
2091,SUNTV
2092,SUPERHOUSE
2093,SUPERSPIN
2094,SUPRAJIT
2095,SUPREMEENG
2096,SUPREMEIND
2097,SUPREMEINF
2098,SUPRIYA
2099,SURANASOL
2100,SURANAT&P
2101,SURANAVEL
2102,SURYALAXMI
2103,SURYAROSNI
2104,SURYODAY
2105,SUTLEJINDS
2106,SUTLEJTEX
2107,SUULD
2108,SUVEN
2109,SUVENPHAR
2110,SUZLON
2111,SVLL
2112,SVPGLOB
2113,SWANENERGY
2114,SWARAJENG
2115,SWARAJMAZD
2116,SWELECTES
2117,SWSOLAR
2118,SYMPHONY
2119,SYNCOMF
2120,SYNGENE
2121,SYRMA
2122,TAINWALCHM
2123,TAJGVK
2124,TAKE
2125,TALBROAUTO
2126,TANLA
2127,TARAPUR
2128,TARC
2129,TARMAT
2130,TARSONS
2131,TASCPHARMA
2132,TASTYBITE
2133,TATACHEM
2134,TATACOFFEE
2135,TATACOMM
2136,TATACONSUM
2137,TATAELXSI
2138,TATAGLOBAL
2139,TATAHONEY
2140,TATAINVEST
2141,TATAMETALI
2142,TATAMOTORS
2143,TATAMTRDVR
2144,TATAPOWER
2145,TATASTEEL
2146,TATATEA
2147,TATATELECM
2148,TATATELSER
2149,TATVA
2150,TBZ
2151,TCI
2152,TCIEXP
2153,TCLCONS
2154,TCNSBRANDS
2155,TCPLPACK
2156,TCS
2157,TDPOWERSYS
2158,TEAMLEASE
2159,TECHIN
2160,TECHM
2161,TECHNOE
2162,TECILCHEM
2163,TEGA
2164,TEJASNET
2165,TELCO
2166,TEMBO
2167,TERASOFT
2168,TEXINFRA
2169,TEXMACOLTD
2170,TEXMOPIPES
2171,TEXRAIL
2172,TFCILTD
2173,TFL
2174,TGBHOTELS
2175,THANGAMAYL
2176,THEINVEST
2177,THEJO
2178,THEMISMED
2179,THERMAX
2180,THINKSOFT
2181,THOMASCOOK
2182,THOMASCOTT
2183,THYROCARE
2184,TI
2185,TIDEWATER
2186,TIFIN
2187,TIIL
2188,TIINDIA
2189,TIJARIA
2190,TIL
2191,TIMESGTY
2192,TIMETECHNO
2193,TIMKEN
2194,TINPLATE
2195,TIPSFILMS
2196,TIPSINDLTD
2197,TIRUMALCHM
2198,TIRUPATIFL
2199,TISCO
2200,TITAGARH
2201,TITAN
2202,TITANOCOMP
2203,TMB
2204,TMRVL
2205,TNPETRO
2206,TNPL
2207,TNTELE
2208,TOKYOPLAST
2209,TORNTPHARM
2210,TORNTPOWER
2211,TOTAL
2212,TOUCHWOOD
2213,TPHQ
2214,TPLPLASTEH
2215,TRACXN
2216,TRAFALHSE
2217,TREEHOUSE
2218,TREJHARA
2219,TREL
2220,TRENT
2221,TRF
2222,TRIDENT
2223,TRIGYN
2224,TRIL
2225,TRITURBINE
2226,TRIVENI
2227,TRU
2228,TTKHLTCARE
2229,TTKPRESTIG
2230,TTL
2231,TTML
2232,TV18BRDCST
2233,TVS-SUZUKI
2234,TVSELECT
2235,TVSHLTD
2236,TVSMOTOR
2237,TVSSCS
2238,TVSSRICHAK
2239,TVTODAY
2240,TVVISION
2241,TWL
2242,UBL
2243,UCAL
2244,UCALFUEL
2245,UCOBANK
2246,UDS
2247,UFLEX
2248,UFO
2249,UGARSUGAR
2250,UGROCAP
2251,UJJIVAN
2252,UJJIVANSFB
2253,ULTRACEMCO
2254,UMAEXPORTS
2255,UMANGDAIRY
2256,UMESLTD
2257,UNICHEMLAB
2258,UNIDT
2259,UNIENTER
2260,UNIINFO
2261,UNIONBANK
2262,UNIPARTS
2263,UNIPHOS
2264,UNITECH
2265,UNITEDTEA
2266,UNIVAFOODS
2267,UNIVASTU
2268,UNIVCABLES
2269,UNIVPHOTO
2270,UNOMINDA
2271,UPL
2272,URAVI
2273,URJA
2274,USHABEL
2275,USHAMART
2276,USK
2277,UTIAMC
2278,UTIBANK
2279,UTINEXT50
2280,UTINIFTETF
2281,UTISENSETF
2282,UTISXN50
2283,UTKARSHBNK
2284,UTTAMSUGAR
2285,V2RETAIL
2286,VADILALIND
2287,VAIBHAVGBL
2288,VAIBHAVGEM
2289,VAISHALI
2290,VAKRANGEE
2291,VAKRANSOFT
2292,VALIANTLAB
2293,VALIANTORG
2294,VAMORGANIC
2295,VARDHACRLC
2296,VARDMNPOLY
2297,VARROC
2298,VASCONEQ
2299,VASWANI
2300,VATECH
2301,VBL
2302,VCL
2303,VEDL
2304,VENKEYS
2305,VENUSPIPES
2306,VENUSREM
2307,VERANDA
2308,VERTOZ
2309,VESUVIUS
2310,VETO
2311,VGUARD
2312,VHL
2313,VIDHIDYE
2314,VIDHIING
2315,VIJAYA
2316,VIJIFIN
2317,VIKASECO
2318,VIKASGLOB
2319,VIKASLIFE
2320,VIKASMCORP
2321,VIMTALABS
2322,VINATIORGA
2323,VINDHYATEL
2324,VINEETLAB
2325,VINNY
2326,VINYLINDIA
2327,VIPCLOTHNG
2328,VIPIND
2329,VIPULLTD
2330,VIRINCHI
2331,VISAKAIND
2332,VISASTEEL
2333,VISESHINFO
2334,VISHAL
2335,VISHALRET
2336,VISHNU
2337,VISHWARAJ
2338,VIVIDHA
2339,VLEGOV
2340,VLSFINANCE
2341,VMART
2342,VOLTAMP
2343,VOLTAS
2344,VPRPL
2345,VRLLOG
2346,VSGML
2347,VSNL
2348,VSSL
2349,VSTIND
2350,VSTTILLERS
2351,VTL
2352,WABAG
2353,WABCO-TVS
2354,WABCOINDIA
2355,WALCHANNAG
2356,WANBURY
2357,WEALTH
2358,WEBELSOLAR
2359,WEIZFOREX
2360,WEIZMANIND
2361,WEL
2362,WELCORP
2363,WELENT
2364,WELGUJ
2365,WELINV
2366,WELPROJ
2367,WELSPUNIND
2368,WELSYNTEX
2369,WENDT
2370,WESTHATCH
2371,WESTLIFE
2372,WEWIN
2373,WFL
2374,WHEELS
2375,WHIRLPOOL
2376,WILLAMAGOR
2377,WINDLAS
2378,WINDMACHIN
2379,WINSOME
2380,WIPL
2381,WIPRO
2382,WOCKPHARMA
2383,WONDERLA
2384,WORTH
2385,WSI
2386,WSTCSTPAPR
2387,WWIL
2388,XCHANGING
2389,XELPMOC
2390,XPROINDIA
2391,YAARI
2392,YAARII
2393,YASHO
2394,YATHARTH
2395,YATRA
2396,YESBANK
2397,YUKEN
2398,ZAGGLE
2399,ZEEL
2400,ZEELEARN
2401,ZEEMEDIA
2402,ZEENEWS
2403,ZEETELE
2404,ZENITHBIR
2405,ZENITHEXPO
2406,ZENITHSTL
2407,ZENSARTECH
2408,ZENTEC
2409,ZFCVINDIA
2410,ZIMLAB
2411,ZODIAC
2412,ZODIACLOTH
2413,ZOMATO
2414,ZOTA
2415,ZUARI
2416,ZUARIAGRO
2417,ZUARIGLOB
2418,ZUARIIND
2419,ZYDUSLIFE
2420,ZYDUSWELL
